N/A,10
N/A,15
American Politics,11
N/A,9
Syrian Politics,6
American Politics,70
Soccer,39
Road Safety,5
N/A,132
UK Conservative Party,32
N/A,30
Animal rights,58
N/A,9
N/A,38
N/A,16
N/A,11
N/A,23
American Politics,8
Music,4
N/A,19
N/A,2
N/A,17
American Politics,287
Soccer,11
Food and business,6
N/A,109
N/A,53
N/A,13
N/A,14
Food and business,42
N/A,2
Positivity,14
Music,11
Positivity,60
Middle East unstability,9
N/A,22
Positivity,382
Positivity,223
N/A,5
N/A,24
Positivity,237
Positivity,9
Animal rights,14
N/A,35
Positivity,42
N/A,17
Positivity,29
N/A,50
Pollution,10
Animal rights,17
